{"image_baseline_example_mAPs": [0.003660467828678805, 0.002005347593582888, 0.000503651473180559, 0.0070455647471972015, 0.024538407329105, 0.006269592476489028, 0.11317722681359045], "slowfast_example_mAPs": [0.05997278880762845, 0.003367003367003367, 0.0, 0.013175230566534914, 0.05295780774249673, 0.09176363636363637, 0.09228260538309568], "slowfast_trajectory_example_mAPs": [0.053486907579755584, 0.05626257657738228, 0.045454545454545456, 0.007451564828614008, 0.32506419234360406, 0.1091296762938554, 0.19941707523103436], "slowfast_trajectory_toipool_example_mAPs": [0.09916974968731523, 0.05828224019784636, 0.0606060606060606, 0.02372956222961787, 0.41392752357275636, 0.09372347554165737, 0.21625307547617006], "slowfast_trajectory_spatial_example_mAPs": [0.09787576651575389, 0.06265207460846893, 0.003952569169960474, 0.010853212980872554, 0.2949247078613152, 0.12272727272727273, 0.2072162334069114], "slowfast_trajectory_toipool_spatial_example_mAPs": [0.047174504391505355, 0.04392554968065717, 0.045454545454545456, 0.020238257009557455, 0.6944529155055471, 0.12891849529780564, 0.2074153191323188]}