{"image_baseline_pred_mean_APs": {"next_to": 0.5648403991070878, "towards": 0.032040169816027586, "point_to": 0.000886917960088692, "in_front_of": 0.3842640348928331, "watch": 0.09484496385964897, "behind": 0.16320879978841357, "lean_on": 0.18725154434836377, "above": 0.3697774083165007, "hug": 0.041176351094001876, "speak_to": 4.2694355379275305e-06, "hold_hand_of": 0.0015584415584415584, "pull": 0.002455250613352638, "press": 0.0002313208420078649, "away": 0.04811611313085885, "hold": 0.016208641055377563, "use": 0.0012626262626262625, "inside": 0.08643987896620796, "push": 0.000793401753423944, "play(instrument)": 0.1421028466483012, "ride": 0.10866014772858336, "carry": 0.0020901958709908684, "caress": 0.0007642047524190006, "grab": 0.0, "lift": 6.679679790682515e-05, "touch": 0.000636816068591682, "chase": 1.9906582888092904e-05, "pat": 9.234974696169331e-06, "wave": 0.0, "beneath": 0.06311458036230483, "release": 0.0, "kiss": 0.0, "feed": 0.0, "throw": 0.0015321756894790604, "drive": 0.011363636363636364, "shake_hand_with": 0.0, "clean": 6.4732500647325e-05, "close": 0.0, "kick": 0.0, "squeeze": 0.0, "hit": 0.0, "bite": 0.0, "open": 0.0, "wave_hand_to": 0.0, "get_on": 0.0, "knock": 0.0, "shout_at": 0.0, "cut": 0.0, "get_off": 0.0, "lick": 0.0}, "slowfast_pred_mean_APs": {"next_to": 0.553512283572078, "towards": 0.01545279191789359, "point_to": 0.0004010695187165775, "in_front_of": 0.3791546360411593, "watch": 0.10120757117619954, "behind": 0.15381704655873615, "lean_on": 0.3179177312768754, "above": 0.28515636722920823, "hug": 0.05854001720320939, "speak_to": 0.0, "hold_hand_of": 0.01928374655647383, "pull": 0.0053010785068201335, "press": 0.000505050505050505, "away": 0.07184121217673821, "hold": 0.02300891323433187, "use": 0.0, "inside": 0.028456396549432206, "push": 0.01211685084786568, "play(instrument)": 0.16980065758303858, "ride": 0.23904362775657345, "carry": 0.021033967275636056, "caress": 0.001092091490817771, "grab": 0.0, "lift": 6.724045185583647e-05, "touch": 0.0008207950235538178, "chase": 0.0001696535581635438, "pat": 3.4634673464298577e-06, "wave": 0.0, "beneath": 0.06783937267181277, "release": 0.0, "kiss": 0.0, "feed": 0.0, "throw": 0.00033178500331785003, "drive": 0.06211931427448668, "shake_hand_with": 0.0, "clean": 0.0004393158388003749, "close": 0.0, "kick": 0.0, "squeeze": 0.0, "hit": 0.0, "bite": 0.0, "open": 0.0, "wave_hand_to": 0.0, "get_on": 0.0, "knock": 0.0, "shout_at": 0.0, "cut": 0.0, "get_off": 0.0, "lick": 0.0}, "slowfast_trajectory_pred_mean_APs": {"next_to": 0.6037563807083582, "towards": 0.0784701749971205, "point_to": 0.013131313131313133, "in_front_of": 0.40746988586615085, "watch": 0.12746192966239633, "behind": 0.1904289672647324, "lean_on": 0.2697507592691725, "above": 0.45339747302193717, "hug": 0.09568699037504082, "speak_to": 0.0, "hold_hand_of": 0.002525252525252525, "pull": 0.032507740971651905, "press": 0.00016559032952475575, "away": 0.11641840194710122, "hold": 0.023247687922517506, "use": 0.0005884083553986466, "inside": 0.1350526556935402, "push": 0.0008312721637648077, "play(instrument)": 0.3227067528715386, "ride": 0.1985411252118778, "carry": 0.011708712894318128, "caress": 0.0059091133857488995, "grab": 0.0, "lift": 0.0057008527485914425, "touch": 0.0244776434102857, "chase": 2.3594365665479082e-05, "pat": 7.312507312507312e-06, "wave": 0.0, "beneath": 0.11559372520597358, "release": 0.0, "kiss": 0.0, "feed": 0.0, "throw": 0.001382672664453263, "drive": 0.0010822510822510823, "shake_hand_with": 0.0, "clean": 5.402679729145657e-05, "close": 0.0, "kick": 0.0, "squeeze": 0.0, "hit": 0.0, "bite": 0.0, "open": 0.0, "wave_hand_to": 0.0, "get_on": 0.0, "knock": 0.0, "shout_at": 0.0, "cut": 0.0, "get_off": 0.0, "lick": 0.0}, "slowfast_trajectory_toipool_pred_mean_APs": {"next_to": 0.6034809506674079, "towards": 0.08177699298905886, "point_to": 0.0013811585240156667, "in_front_of": 0.4085547604219903, "watch": 0.1276242968377415, "behind": 0.18324892196416487, "lean_on": 0.30002708783461196, "above": 0.41875613098596576, "hug": 0.07911518361585072, "speak_to": 0.0, "hold_hand_of": 7.349158521349305e-05, "pull": 0.041393785649966125, "press": 0.00017618040873854828, "away": 0.11720142511776416, "hold": 0.016243586890362396, "use": 0.030844155844155844, "inside": 0.11834198715065232, "push": 0.0026414953843257524, "play(instrument)": 0.3261432643847719, "ride": 0.22805123183230272, "carry": 0.01161395761481423, "caress": 0.004885675200312683, "grab": 2.7794145441204267e-06, "lift": 0.007580554383002673, "touch": 0.024492508373781165, "chase": 2.5929575273557017e-05, "pat": 9.660217934516603e-06, "wave": 0.0, "beneath": 0.1414220365663116, "release": 0.0, "kiss": 0.0, "feed": 0.0, "throw": 0.0012015646035891004, "drive": 0.0011961722488038277, "shake_hand_with": 0.0, "clean": 5.330273925315247e-05, "close": 0.0, "kick": 0.0, "squeeze": 0.0, "hit": 0.0, "bite": 0.0, "open": 0.0, "wave_hand_to": 0.0, "get_on": 0.0, "knock": 0.0, "shout_at": 0.0, "cut": 0.0, "get_off": 0.0, "lick": 0.0}, "slowfast_trajectory_spatial_pred_mean_APs": {"next_to": 0.6050443372710227, "towards": 0.06833824412646197, "point_to": 0.006775832862789384, "in_front_of": 0.404921066173802, "watch": 0.14191243970110734, "behind": 0.19603694958219472, "lean_on": 0.2715000041585792, "above": 0.4644556375513145, "hug": 0.09545454545454544, "speak_to": 0.0, "hold_hand_of": 6.74399784192069e-05, "pull": 0.029493623138659202, "press": 0.00017721070352649297, "away": 0.1101676434399963, "hold": 0.02331469470727235, "use": 0.0030303030303030307, "inside": 0.12871043291888565, "push": 0.0012093765486638265, "play(instrument)": 0.3212361103636642, "ride": 0.19596272175916613, "carry": 0.0064318418997536915, "caress": 0.022753448998825074, "grab": 3.2166545506011928e-06, "lift": 0.0005035329583713176, "touch": 0.024493696368499795, "chase": 2.7498212616179952e-05, "pat": 6.482393818389254e-06, "wave": 0.0, "beneath": 0.1473099963671381, "release": 0.0, "kiss": 0.0, "feed": 0.0, "throw": 0.0011425121853060858, "drive": 0.0020454545454545456, "shake_hand_with": 0.0, "clean": 5.259203606311045e-05, "close": 0.0, "kick": 0.0, "squeeze": 0.0, "hit": 0.0, "bite": 0.0, "open": 0.0, "wave_hand_to": 0.0, "get_on": 0.0, "knock": 0.0, "shout_at": 0.0, "cut": 0.0, "get_off": 0.0, "lick": 0.0}, "slowfast_trajectory_toipool_spatial_pred_mean_APs": {"next_to": 0.6089253399118897, "towards": 0.07344360995448909, "point_to": 0.018741258741258742, "in_front_of": 0.4008051511512702, "watch": 0.131690725964844, "behind": 0.20285770458843366, "lean_on": 0.27677671343251864, "above": 0.45912734174060316, "hug": 0.08372305034866612, "speak_to": 0.0, "hold_hand_of": 8.223346079519757e-05, "pull": 0.06944628465838636, "press": 0.00017415534656913965, "away": 0.1189013987904311, "hold": 0.022500020420607184, "use": 0.007499234771962043, "inside": 0.13907870382444315, "push": 0.002252160406852261, "play(instrument)": 0.323124863519858, "ride": 0.19399878885933258, "carry": 0.011869364929758824, "caress": 0.015169377919973338, "grab": 2.758582640239445e-06, "lift": 0.00569313654473017, "touch": 0.02452260109306325, "chase": 3.4965034965034965e-05, "pat": 1.5900610583446403e-05, "wave": 0.0, "beneath": 0.1568115359627567, "release": 0.0, "kiss": 0.0, "feed": 0.0, "throw": 0.026604537785789265, "drive": 0.0008741258741258741, "shake_hand_with": 0.0, "clean": 5.366232598074289e-05, "close": 0.0, "kick": 0.0, "squeeze": 0.0, "hit": 0.0, "bite": 0.0, "open": 0.0, "wave_hand_to": 0.0, "get_on": 0.0, "knock": 0.0, "shout_at": 0.0, "cut": 0.0, "get_off": 0.0, "lick": 0.0}}